{
  "antithetic_aggregates": [
    {
      "algorithm": "antithetic_mean_gradient",
      "chosen_lift_mean": 0.005836114464941493,
      "chosen_lift_std": 0.003230750404740144,
      "chosen_mean_mean": 0.052604787817974195,
      "chosen_mean_std": 0.0076455211243141195,
      "oracle_gap_mean": 0.012976620506479318,
      "oracle_gap_std": 0.0033539277672214136,
      "oracle_sign_mean_mean": 0.06558140832445351,
      "oracle_sign_mean_std": 0.007277298690480473,
      "pair_spearman_mean": 0.3096002282879222,
      "pair_spearman_std": 0.14576988881625466,
      "random_sign_mean_mean": 0.0467686733530327,
      "random_sign_mean_std": 0.006201522437748975,
      "sign_accuracy_mean": 0.6278346336952636,
      "sign_accuracy_std": 0.07007375238465946,
      "splits": 30
    },
    {
      "algorithm": "perm_antithetic_mean_gradient",
      "chosen_lift_mean": 0.0006898538492632581,
      "chosen_lift_std": 0.001947838603124578,
      "chosen_mean_mean": 0.04745852720229596,
      "chosen_mean_std": 0.006634824905079877,
      "oracle_gap_mean": 0.018122881122157552,
      "oracle_gap_std": 0.002161658713468968,
      "oracle_sign_mean_mean": 0.06558140832445351,
      "oracle_sign_mean_std": 0.007277298690480473,
      "pair_spearman_mean": 0.02509332827750458,
      "pair_spearman_std": 0.08532967283553242,
      "random_sign_mean_mean": 0.0467686733530327,
      "random_sign_mean_std": 0.006201522437748975,
      "sign_accuracy_mean": 0.5138333822860126,
      "sign_accuracy_std": 0.046266553608499066,
      "splits": 30
    }
  ],
  "antithetic_pairs": 425,
  "candidate_aggregates": [
    {
      "actual_best_mean": 0.18333333333333332,
      "actual_best_std": 0.010622957319984968,
      "algorithm": "mean_direction",
      "mean_lift_mean": 0.03380323693382945,
      "mean_lift_std": 0.01850003030276865,
      "regret_mean": 0.030208333333333334,
      "regret_std": 0.02549424635525087,
      "selected_best_mean": 0.153125,
      "selected_best_std": 0.025323428710715037,
      "selected_mean_mean": 0.08391927083333334,
      "selected_mean_std": 0.01700066638712544,
      "spearman_mean": 0.21575073075047432,
      "spearman_std": 0.09833007944514607,
      "splits": 30,
      "top_k": 16,
      "topk_overlap_mean": 2.1333333333333333,
      "topk_overlap_std": 2.012185103038209
    },
    {
      "actual_best_mean": 0.18333333333333332,
      "actual_best_std": 0.010622957319984968,
      "algorithm": "perm_mean_direction",
      "mean_lift_mean": 0.005352716100496116,
      "mean_lift_std": 0.009493396096629553,
      "regret_mean": 0.06197916666666667,
      "regret_std": 0.025027112034862423,
      "selected_best_mean": 0.12135416666666667,
      "selected_best_std": 0.021980154006259574,
      "selected_mean_mean": 0.05546875,
      "selected_mean_std": 0.010149988053538742,
      "spearman_mean": -0.004512184750087416,
      "spearman_std": 0.03225433518922503,
      "splits": 30,
      "top_k": 16,
      "topk_overlap_mean": 0.3,
      "topk_overlap_std": 0.5259911279353167
    },
    {
      "actual_best_mean": 0.18333333333333332,
      "actual_best_std": 0.010622957319984968,
      "algorithm": "perm_power_energy_k8",
      "mean_lift_mean": 0.004896986933829449,
      "mean_lift_std": 0.013733349887648705,
      "regret_mean": 0.07604166666666666,
      "regret_std": 0.028451042257807632,
      "selected_best_mean": 0.10729166666666666,
      "selected_best_std": 0.025430324199445214,
      "selected_mean_mean": 0.055013020833333336,
      "selected_mean_std": 0.013131850942225807,
      "spearman_mean": 0.07386344448046334,
      "spearman_std": 0.08144648804555804,
      "splits": 30,
      "top_k": 16,
      "topk_overlap_mean": 0.1,
      "topk_overlap_std": 0.3
    },
    {
      "actual_best_mean": 0.18333333333333332,
      "actual_best_std": 0.010622957319984968,
      "algorithm": "perm_ridge",
      "mean_lift_mean": -0.009491033899503884,
      "mean_lift_std": 0.01265862937315413,
      "regret_mean": 0.08125,
      "regret_std": 0.03212321655231099,
      "selected_best_mean": 0.10208333333333333,
      "selected_best_std": 0.033447071579171504,
      "selected_mean_mean": 0.040625,
      "selected_mean_std": 0.017324193060625447,
      "spearman_mean": -0.014376026545580598,
      "spearman_std": 0.03313004980990682,
      "splits": 30,
      "top_k": 16,
      "topk_overlap_mean": 0.13333333333333333,
      "topk_overlap_std": 0.42687494916218993
    },
    {
      "actual_best_mean": 0.18333333333333332,
      "actual_best_std": 0.010622957319984968,
      "algorithm": "power_energy_k8",
      "mean_lift_mean": 0.042169122350496115,
      "mean_lift_std": 0.017675339839962476,
      "regret_mean": 0.010416666666666666,
      "regret_std": 0.025301995419773165,
      "selected_best_mean": 0.17291666666666666,
      "selected_best_std": 0.029352089174177858,
      "selected_mean_mean": 0.09228515625,
      "selected_mean_std": 0.018957641365362286,
      "spearman_mean": 0.2903589481035977,
      "spearman_std": 0.09519401772405738,
      "splits": 30,
      "top_k": 16,
      "topk_overlap_mean": 4.533333333333333,
      "topk_overlap_std": 2.390722810272148
    },
    {
      "actual_best_mean": 0.18333333333333332,
      "actual_best_std": 0.010622957319984968,
      "algorithm": "ridge",
      "mean_lift_mean": 0.009747247350496115,
      "mean_lift_std": 0.027271469683261194,
      "regret_mean": 0.024479166666666666,
      "regret_std": 0.04486730532142036,
      "selected_best_mean": 0.15885416666666666,
      "selected_best_std": 0.05199210760752272,
      "selected_mean_mean": 0.05986328125,
      "selected_mean_std": 0.032801599054203066,
      "spearman_mean": 0.22692404304627384,
      "spearman_std": 0.12908205977483186,
      "splits": 30,
      "top_k": 16,
      "topk_overlap_mean": 1.5,
      "topk_overlap_std": 1.2315302134607444
    }
  ],
  "components": 8,
  "families": [
    "isotropic"
  ],
  "feature_scale": "unit",
  "kind": "subspace_audit",
  "max_cap_hit": 0.05,
  "max_malformed": 0.05,
  "power_iter": 2,
  "rows_loaded": 1862,
  "runs": [
    "results/phase8_extra_pod1/search_chunk8_p1024",
    "results/phase8_sustain_pod1/search_chunk4_p1024",
    "results/phase8_systems_pod1/search_chunk16_p512",
    "results/search_iso_s0p01_p512_seed5678",
    "results/search_iso_s0p0075_p512_seed2468",
    "results/search_iso_s0p0125_p512_seed2468"
  ],
  "sketch_dim": 256,
  "split_mode": "source",
  "splits": 30,
  "top_k": 16,
  "train_frac": 0.5
}
