{
  "adapter_build_s": 2.5022573471069336,
  "adapter_rows": 16,
  "adapters": 16,
  "base_tokens_per_sec": 3299.4901187550386,
  "best_adapter_prompts_per_sec": 186.75485748952252,
  "best_adapter_tokens_per_sec": 5976.155439664721,
  "family": "isotropic",
  "kind": "vllm_lora_bench",
  "load_s": 49.63913297653198,
  "lora_elapsed_s": 7.648248910903931,
  "lora_output_tokens": 32712.0,
  "lora_prompts_per_sec": 133.88685592333522,
  "lora_tokens_per_sec": 4277.0574521134195,
  "max_new_tokens": 32,
  "mixed_batch": true,
  "mixed_exact_mean": 0.0,
  "mixed_prompts_per_sec": 378.84125874693353,
  "mixed_tokens_per_sec": 12108.86171756556,
  "model": "Qwen/Qwen2.5-3B-Instruct",
  "preload": true,
  "preload_s": 0.7526297569274902,
  "prompts": 64,
  "rank": 8,
  "repeats": 1,
  "sigma": 0.02,
  "stop_at_answer": true,
  "targets": [
    "q_proj",
    "v_proj"
  ],
  "torch_version": "2.11.0",
  "transformers_version": "4.57.6",
  "vllm_version": "0.20.0"
}
