{
  "confirmed_vs_proposal": {
    "default_exact": {
      "common": 8,
      "left_col": "exact_mean",
      "left_mean": 0.060546875,
      "max_abs_delta": 0.0625,
      "mean_abs_delta": 0.01953125,
      "pearson": 0.3180908729663034,
      "right_col": "exact_mean",
      "right_mean": 0.080078125,
      "spearman": 0.28969947296591025
    },
    "proposal_exact": {
      "common": 8,
      "left_col": "exact_mean",
      "left_mean": 0.060546875,
      "max_abs_delta": 0.0625,
      "mean_abs_delta": 0.0341796875,
      "pearson": -0.23943661971830985,
      "right_col": "exact_mean",
      "right_mean": 0.0927734375,
      "spearman": -0.3219178082191781
    },
    "reordered_exact": {
      "common": 8,
      "left_col": "exact_mean",
      "left_mean": 0.060546875,
      "max_abs_delta": 0.078125,
      "mean_abs_delta": 0.048828125,
      "pearson": -0.7514390803127389,
      "right_col": "exact_mean",
      "right_mean": 0.10546875,
      "spearman": -0.6729865963777507
    },
    "selection_score": {
      "common": 8,
      "left_col": "exact_mean",
      "left_mean": 0.060546875,
      "max_abs_delta": 0.078125,
      "mean_abs_delta": 0.0400390625,
      "pearson": -0.03652836869875849,
      "right_col": "selection_score",
      "right_mean": 0.0205078125,
      "spearman": -0.006802878498708982
    },
    "top_overlap_default": [
      {
        "k": 1,
        "left_top": [
          "seed780802177:s0.0005:sign1"
        ],
        "overlap": 0,
        "possible": 1,
        "right_top": [
          "seed858586901:s0.002:sign1"
        ]
      },
      {
        "k": 2,
        "left_top": [
          "seed780802177:s0.0005:sign1",
          "seed10101934:s0.0005:sign1"
        ],
        "overlap": 1,
        "possible": 2,
        "right_top": [
          "seed858586901:s0.002:sign1",
          "seed780802177:s0.0005:sign1"
        ]
      },
      {
        "k": 4,
        "left_top": [
          "seed780802177:s0.0005:sign1",
          "seed10101934:s0.0005:sign1",
          "seed414161978:s0.0005:sign1",
          "seed1898600253:s0.0005:sign1"
        ],
        "overlap": 3,
        "possible": 4,
        "right_top": [
          "seed858586901:s0.002:sign1",
          "seed780802177:s0.0005:sign1",
          "seed10101934:s0.0005:sign1",
          "seed414161978:s0.0005:sign1"
        ]
      },
      {
        "k": 8,
        "left_top": [
          "seed780802177:s0.0005:sign1",
          "seed10101934:s0.0005:sign1",
          "seed414161978:s0.0005:sign1",
          "seed1898600253:s0.0005:sign1",
          "seed858586901:s0.002:sign1",
          "seed331873293:s0.0005:sign1",
          "seed2050215265:s0.0005:sign1",
          "seed1973132888:s0.001:sign1"
        ],
        "overlap": 8,
        "possible": 8,
        "right_top": [
          "seed858586901:s0.002:sign1",
          "seed780802177:s0.0005:sign1",
          "seed10101934:s0.0005:sign1",
          "seed414161978:s0.0005:sign1",
          "seed331873293:s0.0005:sign1",
          "seed2050215265:s0.0005:sign1",
          "seed1898600253:s0.0005:sign1",
          "seed1973132888:s0.001:sign1"
        ]
      },
      {
        "k": 16,
        "left_top": [
          "seed780802177:s0.0005:sign1",
          "seed10101934:s0.0005:sign1",
          "seed414161978:s0.0005:sign1",
          "seed1898600253:s0.0005:sign1",
          "seed858586901:s0.002:sign1",
          "seed331873293:s0.0005:sign1",
          "seed2050215265:s0.0005:sign1",
          "seed1973132888:s0.001:sign1"
        ],
        "overlap": 8,
        "possible": 8,
        "right_top": [
          "seed858586901:s0.002:sign1",
          "seed780802177:s0.0005:sign1",
          "seed10101934:s0.0005:sign1",
          "seed414161978:s0.0005:sign1",
          "seed331873293:s0.0005:sign1",
          "seed2050215265:s0.0005:sign1",
          "seed1898600253:s0.0005:sign1",
          "seed1973132888:s0.001:sign1"
        ]
      },
      {
        "k": 32,
        "left_top": [
          "seed780802177:s0.0005:sign1",
          "seed10101934:s0.0005:sign1",
          "seed414161978:s0.0005:sign1",
          "seed1898600253:s0.0005:sign1",
          "seed858586901:s0.002:sign1",
          "seed331873293:s0.0005:sign1",
          "seed2050215265:s0.0005:sign1",
          "seed1973132888:s0.001:sign1"
        ],
        "overlap": 8,
        "possible": 8,
        "right_top": [
          "seed858586901:s0.002:sign1",
          "seed780802177:s0.0005:sign1",
          "seed10101934:s0.0005:sign1",
          "seed414161978:s0.0005:sign1",
          "seed331873293:s0.0005:sign1",
          "seed2050215265:s0.0005:sign1",
          "seed1898600253:s0.0005:sign1",
          "seed1973132888:s0.001:sign1"
        ]
      }
    ]
  },
  "counts": {
    "confirmed": 8,
    "dense": 64,
    "proposal": 64,
    "proposal_conditions": 192
  },
  "dense_vs_proposal": {
    "default_exact": {
      "common": 64,
      "left_col": "exact_mean",
      "left_mean": 0.052978515625,
      "max_abs_delta": 0.078125,
      "mean_abs_delta": 0.02294921875,
      "pearson": 0.026785200047014714,
      "right_col": "exact_mean",
      "right_mean": 0.062744140625,
      "spearman": 0.0040060810622700015
    },
    "dense_recall_by_default_exact": {
      "common": 64,
      "dense_best_proposal_rank": 17,
      "dense_best_proposal_score": 0.078125,
      "dense_best_score": 0.09375,
      "dense_best_spec": "seed239990546:s0.002:sign1",
      "dense_col": "exact_mean",
      "proposal_col": "exact_mean",
      "rows": [
        {
          "contains_dense_best": false,
          "dense_topk_overlap": 0,
          "k": 1,
          "possible": 1
        },
        {
          "contains_dense_best": false,
          "dense_topk_overlap": 0,
          "k": 2,
          "possible": 2
        },
        {
          "contains_dense_best": false,
          "dense_topk_overlap": 0,
          "k": 4,
          "possible": 4
        },
        {
          "contains_dense_best": false,
          "dense_topk_overlap": 1,
          "k": 8,
          "possible": 8
        },
        {
          "contains_dense_best": false,
          "dense_topk_overlap": 4,
          "k": 16,
          "possible": 16
        },
        {
          "contains_dense_best": true,
          "dense_topk_overlap": 15,
          "k": 32,
          "possible": 32
        }
      ]
    },
    "dense_recall_by_selection": {
      "common": 64,
      "dense_best_proposal_rank": 14,
      "dense_best_proposal_score": 0.0078125,
      "dense_best_score": 0.09375,
      "dense_best_spec": "seed239990546:s0.002:sign1",
      "dense_col": "exact_mean",
      "proposal_col": "selection_score",
      "rows": [
        {
          "contains_dense_best": false,
          "dense_topk_overlap": 0,
          "k": 1,
          "possible": 1
        },
        {
          "contains_dense_best": false,
          "dense_topk_overlap": 0,
          "k": 2,
          "possible": 2
        },
        {
          "contains_dense_best": false,
          "dense_topk_overlap": 0,
          "k": 4,
          "possible": 4
        },
        {
          "contains_dense_best": false,
          "dense_topk_overlap": 0,
          "k": 8,
          "possible": 8
        },
        {
          "contains_dense_best": true,
          "dense_topk_overlap": 4,
          "k": 16,
          "possible": 16
        },
        {
          "contains_dense_best": true,
          "dense_topk_overlap": 15,
          "k": 32,
          "possible": 32
        }
      ]
    },
    "proposal_exact": {
      "common": 64,
      "left_col": "exact_mean",
      "left_mean": 0.052978515625,
      "max_abs_delta": 0.0625,
      "mean_abs_delta": 0.0262451171875,
      "pearson": -0.0760955843509712,
      "right_col": "exact_mean",
      "right_mean": 0.0704345703125,
      "spearman": -0.03298675003689292
    },
    "reordered_exact": {
      "common": 64,
      "left_col": "exact_mean",