{
  "adapter_build_s": 2.5504696369171143,
  "adapter_rows": 8,
  "adapters": 8,
  "base_tokens_per_sec": 1124.323612425837,
  "best_adapter_prompts_per_sec": 142.26132561139383,
  "best_adapter_tokens_per_sec": 4552.3624195646025,
  "family": "isotropic",
  "kind": "vllm_lora_bench",
  "load_s": 60.30020308494568,
  "lora_elapsed_s": 3.274824619293213,
  "lora_output_tokens": 8192.0,
  "lora_prompts_per_sec": 78.17212515498038,
  "lora_tokens_per_sec": 2501.508004959372,
  "max_new_tokens": 32,
  "model": "Qwen/Qwen2.5-3B-Instruct",
  "preload": true,
  "preload_s": 0.40460634231567383,
  "prompts": 32,
  "rank": 8,
  "repeats": 1,
  "sigma": 0.02,
  "targets": [
    "q_proj",
    "v_proj"
  ],
  "torch_version": "2.11.0",
  "transformers_version": "5.7.0",
  "vllm_version": "0.20.0"
}
