{
  "adapter_build_s": 2.4114010334014893,
  "adapter_rows": 16,
  "adapters": 16,
  "base_tokens_per_sec": 1759.9153484418289,
  "best_adapter_prompts_per_sec": 106.06575524331842,
  "best_adapter_tokens_per_sec": 3394.1041677861895,
  "family": "isotropic",
  "kind": "vllm_lora_bench",
  "load_s": 84.56584286689758,
  "lora_elapsed_s": 7.015339612960815,
  "lora_output_tokens": 16347.0,
  "lora_prompts_per_sec": 72.98292431261372,
  "lora_tokens_per_sec": 2330.17942136386,
  "max_new_tokens": 32,
  "mixed_batch": true,
  "mixed_exact_mean": 0.0,
  "mixed_prompts_per_sec": 467.0105676760551,
  "mixed_tokens_per_sec": 14927.00769534891,
  "model": "Qwen/Qwen2.5-3B-Instruct",
  "preload": true,
  "preload_s": 0.7689294815063477,
  "prompts": 32,
  "rank": 8,
  "repeats": 1,
  "sigma": 0.02,
  "stop_at_answer": true,
  "targets": [
    "q_proj",
    "v_proj"
  ],
  "torch_version": "2.11.0",
  "transformers_version": "4.57.6",
  "vllm_version": "0.20.0"
}
