{
  "adapter_build_s": 2.6636831760406494,
  "adapter_rows": 16,
  "adapters": 16,
  "base_tokens_per_sec": 1141.604045193913,
  "best_adapter_prompts_per_sec": 140.65523688159692,
  "best_adapter_tokens_per_sec": 4500.967580211101,
  "family": "isotropic",
  "kind": "vllm_lora_bench",
  "load_s": 60.60285949707031,
  "lora_elapsed_s": 5.119967460632324,
  "lora_output_tokens": 16365.0,
  "lora_prompts_per_sec": 100.00063553856398,
  "lora_tokens_per_sec": 3196.3093761496084,
  "max_new_tokens": 32,
  "model": "Qwen/Qwen2.5-3B-Instruct",
  "preload": true,
  "preload_s": 0.5688478946685791,
  "prompts": 32,
  "rank": 8,
  "repeats": 1,
  "sigma": 0.02,
  "targets": [
    "q_proj",
    "v_proj"
  ],
  "torch_version": "2.11.0",
  "transformers_version": "5.7.0",
  "vllm_version": "0.20.0"
}
