{
  "adapter_build_s": 2.497549533843994,
  "adapter_rows": 4,
  "adapters": 4,
  "base_tokens_per_sec": 2172.2538365562937,
  "best_adapter_prompts_per_sec": 257.7209646170123,
  "best_adapter_tokens_per_sec": 8247.070867744394,
  "family": "isotropic",
  "kind": "vllm_lora_bench",
  "load_s": 59.534329891204834,
  "lora_elapsed_s": 2.4842450618743896,
  "lora_output_tokens": 8192.0,
  "lora_prompts_per_sec": 103.04941486201254,
  "lora_tokens_per_sec": 3297.5812755844013,
  "max_new_tokens": 32,
  "model": "Qwen/Qwen2.5-3B-Instruct",
  "preload": true,
  "preload_s": 0.31697916984558105,
  "prompts": 64,
  "rank": 8,
  "repeats": 1,
  "sigma": 0.02,
  "targets": [
    "q_proj",
    "v_proj"
  ],
  "torch_version": "2.11.0",
  "transformers_version": "5.7.0",
  "vllm_version": "0.20.0"
}
