{
  "adapter_build_s": 2.6804656982421875,
  "adapter_rows": 16,
  "adapters": 16,
  "base_tokens_per_sec": 1133.639622393224,
  "best_adapter_prompts_per_sec": 142.34777905282291,
  "best_adapter_tokens_per_sec": 4555.128929690333,
  "family": "isotropic",
  "kind": "vllm_lora_bench",
  "load_s": 41.466540575027466,
  "lora_elapsed_s": 5.077080488204956,
  "lora_output_tokens": 16347.0,
  "lora_prompts_per_sec": 100.84535811269399,
  "lora_tokens_per_sec": 3219.763806773845,
  "max_new_tokens": 32,
  "mixed_batch": true,
  "mixed_exact_mean": 0.0,
  "mixed_prompts_per_sec": 629.6664276017369,
  "mixed_tokens_per_sec": 20125.9591556688,
  "model": "Qwen/Qwen2.5-3B-Instruct",
  "preload": true,
  "preload_s": 0.5777814388275146,
  "prompts": 32,
  "rank": 8,
  "repeats": 1,
  "sigma": 0.02,
  "targets": [
    "q_proj",
    "v_proj"
  ],
  "torch_version": "2.11.0",
  "transformers_version": "5.7.0",
  "vllm_version": "0.20.0"
}
