{
  "candidate_conditions": [
    "factor_gaussian_lora:seed1411240924:s0.0075:sign1",
    "factor_gaussian_lora:seed1632697641:s0.0075:sign-1",
    "factor_gaussian_lora:seed326653716:s0.0075:sign1",
    "factor_gaussian_lora:seed221822464:s0.0075:sign-1"
  ],
  "conditions": {
    "base|vllm": {
      "condition": "base",
      "examples": 4,
      "first_mismatch_rate": 0.25,
      "max_common_abs_logprob_delta": 2.1249332427978516,
      "mean_first_mismatch_step": 4,
      "mean_generated_text_equal": 0.9848484848484849,
      "mean_topk_overlap": 19.454545454545453,
      "prefix_mode": "vllm",
      "rows": 66,
      "top1_equal_rate": 0.9848484848484849
    },
    "factor_gaussian_lora:seed1411240924:s0.0075:sign1|vllm": {
      "condition": "factor_gaussian_lora:seed1411240924:s0.0075:sign1",
      "examples": 4,
      "first_mismatch_rate": 0.25,
      "max_common_abs_logprob_delta": 1.8741412162780762,
      "mean_first_mismatch_step": 8,
      "mean_generated_text_equal": 0.9857142857142858,
      "mean_topk_overlap": 19.37142857142857,
      "prefix_mode": "vllm",
      "rows": 70,
      "top1_equal_rate": 0.9857142857142858
    },
    "factor_gaussian_lora:seed1632697641:s0.0075:sign-1|vllm": {
      "condition": "factor_gaussian_lora:seed1632697641:s0.0075:sign-1",
      "examples": 4,
      "first_mismatch_rate": 0.25,
      "max_common_abs_logprob_delta": 1.2499961853027344,
      "mean_first_mismatch_step": 12,
      "mean_generated_text_equal": 0.9824561403508771,
      "mean_topk_overlap": 19.36842105263158,
      "prefix_mode": "vllm",
      "rows": 57,
      "top1_equal_rate": 0.9824561403508771
    },
    "factor_gaussian_lora:seed221822464:s0.0075:sign-1|vllm": {
      "condition": "factor_gaussian_lora:seed221822464:s0.0075:sign-1",
      "examples": 4,
      "first_mismatch_rate": 0.0,
      "max_common_abs_logprob_delta": 1.3554015159606934,
      "mean_first_mismatch_step": null,
      "mean_generated_text_equal": 1,
      "mean_topk_overlap": 19.28787878787879,
      "prefix_mode": "vllm",
      "rows": 66,
      "top1_equal_rate": 1
    },
    "factor_gaussian_lora:seed326653716:s0.0075:sign1|vllm": {
      "condition": "factor_gaussian_lora:seed326653716:s0.0075:sign1",
      "examples": 4,
      "first_mismatch_rate": 0.25,
      "max_common_abs_logprob_delta": 1.6229305267333984,
      "mean_first_mismatch_step": 11,
      "mean_generated_text_equal": 0.9868421052631579,
      "mean_topk_overlap": 19.394736842105264,
      "prefix_mode": "vllm",
      "rows": 76,
      "top1_equal_rate": 0.9868421052631579
    },
    "zero|vllm": {
      "condition": "zero",
      "examples": 4,
      "first_mismatch_rate": 0.25,
      "max_common_abs_logprob_delta": 2.1249332427978516,
      "mean_first_mismatch_step": 4,
      "mean_generated_text_equal": 0.9848484848484849,
      "mean_topk_overlap": 19.454545454545453,
      "prefix_mode": "vllm",
      "rows": 66,
      "top1_equal_rate": 0.9848484848484849
    }
  },
  "include_zero": true,
  "kind": "backend_step_parity_probe",
  "load_s": 41.35046410560608,
  "max_steps": 24,
  "model": "Qwen/Qwen2.5-3B-Instruct",
  "overall_top1_equal_rate": 0.9875311720698254,
  "prefix_modes": [
    "vllm"
  ],
  "prompts": 4,
  "rank": 8,
  "rows": 401,
  "targets": [
    "q_proj",
    "v_proj"
  ],
  "top_k": 20
}
