{
  "confirmed_vs_proposal": {
    "default_exact": {
      "common": 8,
      "left_col": "exact_mean",
      "left_mean": 0.056640625,
      "max_abs_delta": 0.0625,
      "mean_abs_delta": 0.029296875,
      "pearson": 0.15094638162798826,
      "right_col": "exact_mean",
      "right_mean": 0.0859375,
      "spearman": 0.15902760362413895
    },
    "proposal_exact": {
      "common": 8,
      "left_col": "exact_mean",
      "left_mean": 0.056640625,
      "max_abs_delta": 0.0625,
      "mean_abs_delta": 0.03515625,
      "pearson": 0.1452482234435317,
      "right_col": "exact_mean",
      "right_mean": 0.091796875,
      "spearman": 0.12179969144117252
    },
    "reordered_exact": {
      "common": 8,
      "left_col": "exact_mean",
      "left_mean": 0.056640625,
      "max_abs_delta": 0.078125,
      "mean_abs_delta": 0.041015625,
      "pearson": -0.04252432555625623,
      "right_col": "exact_mean",
      "right_mean": 0.09765625,
      "spearman": -0.17593288763724918
    },
    "selection_score": {
      "common": 8,
      "left_col": "exact_mean",
      "left_mean": 0.056640625,
      "max_abs_delta": 0.0625,
      "mean_abs_delta": 0.03515625,
      "pearson": 0.1452482234435317,
      "right_col": "selection_score",
      "right_mean": 0.021484375,
      "spearman": 0.12179969144117252
    },
    "top_overlap_default": [
      {
        "k": 1,
        "left_top": [
          "seed1970200126:s0.001:sign1"
        ],
        "overlap": 0,
        "possible": 1,
        "right_top": [
          "seed858586901:s0.002:sign1"
        ]
      },
      {
        "k": 2,
        "left_top": [
          "seed1970200126:s0.001:sign1",
          "seed10101934:s0.0005:sign1"
        ],
        "overlap": 0,
        "possible": 2,
        "right_top": [
          "seed858586901:s0.002:sign1",
          "seed46787066:s0.001:sign1"
        ]
      },
      {
        "k": 4,
        "left_top": [
          "seed1970200126:s0.001:sign1",
          "seed10101934:s0.0005:sign1",
          "seed858586901:s0.002:sign1",
          "seed286751931:s0.0005:sign1"
        ],
        "overlap": 2,
        "possible": 4,
        "right_top": [
          "seed858586901:s0.002:sign1",
          "seed46787066:s0.001:sign1",
          "seed10101934:s0.0005:sign1",
          "seed331873293:s0.0005:sign1"
        ]
      },
      {
        "k": 8,
        "left_top": [
          "seed1970200126:s0.001:sign1",
          "seed10101934:s0.0005:sign1",
          "seed858586901:s0.002:sign1",
          "seed286751931:s0.0005:sign1",
          "seed2050215265:s0.0005:sign1",
          "seed1898600253:s0.0005:sign1",
          "seed46787066:s0.001:sign1",
          "seed331873293:s0.0005:sign1"
        ],
        "overlap": 8,
        "possible": 8,
        "right_top": [
          "seed858586901:s0.002:sign1",
          "seed46787066:s0.001:sign1",
          "seed10101934:s0.0005:sign1",
          "seed331873293:s0.0005:sign1",
          "seed286751931:s0.0005:sign1",
          "seed2050215265:s0.0005:sign1",
          "seed1970200126:s0.001:sign1",
          "seed1898600253:s0.0005:sign1"
        ]
      },
      {
        "k": 16,
        "left_top": [
          "seed1970200126:s0.001:sign1",
          "seed10101934:s0.0005:sign1",
          "seed858586901:s0.002:sign1",
          "seed286751931:s0.0005:sign1",
          "seed2050215265:s0.0005:sign1",
          "seed1898600253:s0.0005:sign1",
          "seed46787066:s0.001:sign1",
          "seed331873293:s0.0005:sign1"
        ],
        "overlap": 8,
        "possible": 8,
        "right_top": [
          "seed858586901:s0.002:sign1",
          "seed46787066:s0.001:sign1",
          "seed10101934:s0.0005:sign1",
          "seed331873293:s0.0005:sign1",
          "seed286751931:s0.0005:sign1",
          "seed2050215265:s0.0005:sign1",
          "seed1970200126:s0.001:sign1",
          "seed1898600253:s0.0005:sign1"
        ]
      },
      {
        "k": 32,
        "left_top": [
          "seed1970200126:s0.001:sign1",
          "seed10101934:s0.0005:sign1",
          "seed858586901:s0.002:sign1",
          "seed286751931:s0.0005:sign1",
          "seed2050215265:s0.0005:sign1",
          "seed1898600253:s0.0005:sign1",
          "seed46787066:s0.001:sign1",
          "seed331873293:s0.0005:sign1"
        ],
        "overlap": 8,
        "possible": 8,
        "right_top": [
          "seed858586901:s0.002:sign1",
          "seed46787066:s0.001:sign1",
          "seed10101934:s0.0005:sign1",
          "seed331873293:s0.0005:sign1",
          "seed286751931:s0.0005:sign1",
          "seed2050215265:s0.0005:sign1",
          "seed1970200126:s0.001:sign1",
          "seed1898600253:s0.0005:sign1"
        ]
      }
    ]
  },
  "counts": {
    "confirmed": 8,
    "dense": 64,
    "proposal": 64,
    "proposal_conditions": 192
  },
  "dense_vs_proposal": {
    "default_exact": {
      "common": 64,
      "left_col": "exact_mean",
      "left_mean": 0.052978515625,
      "max_abs_delta": 0.078125,
      "mean_abs_delta": 0.024169921875,
      "pearson": 0.0,
      "right_col": "exact_mean",
      "right_mean": 0.0625,
      "spearman": -0.0415185391534794
    },
    "dense_recall_by_default_exact": {
      "common": 64,
      "dense_best_proposal_rank": 25,
      "dense_best_proposal_score": 0.0625,
      "dense_best_score": 0.09375,
      "dense_best_spec": "seed239990546:s0.002:sign1",
      "dense_col": "exact_mean",
      "proposal_col": "exact_mean",
      "rows": [
        {
          "contains_dense_best": false,
          "dense_topk_overlap": 0,
          "k": 1,
          "possible": 1
        },
        {
          "contains_dense_best": false,
          "dense_topk_overlap": 0,
          "k": 2,
          "possible": 2
        },
        {
          "contains_dense_best": false,
          "dense_topk_overlap": 0,
          "k": 4,
          "possible": 4
        },
        {
          "contains_dense_best": false,
          "dense_topk_overlap": 2,
          "k": 8,
          "possible": 8
        },
        {
          "contains_dense_best": false,
          "dense_topk_overlap": 4,
          "k": 16,
          "possible": 16
        },
        {
          "contains_dense_best": true,
          "dense_topk_overlap": 15,
          "k": 32,
          "possible": 32
        }
      ]
    },
    "dense_recall_by_selection": {
      "common": 64,
      "dense_best_proposal_rank": 28,
      "dense_best_proposal_score": 0.0,
      "dense_best_score": 0.09375,
      "dense_best_spec": "seed239990546:s0.002:sign1",
      "dense_col": "exact_mean",
      "proposal_col": "selection_score",
      "rows": [
        {
          "contains_dense_best": false,
          "dense_topk_overlap": 0,
          "k": 1,
          "possible": 1
        },
        {
          "contains_dense_best": false,
          "dense_topk_overlap": 0,
          "k": 2,
          "possible": 2
        },
        {
          "contains_dense_best": false,
          "dense_topk_overlap": 0,
          "k": 4,
          "possible": 4
        },
        {
          "contains_dense_best": false,
          "dense_topk_overlap": 0,
          "k": 8,
          "possible": 8
        },
        {
          "contains_dense_best": false,
          "dense_topk_overlap": 3,
          "k": 16,
          "possible": 16
        },
        {
          "contains_dense_best": true,
          "dense_topk_overlap": 15,
          "k": 32,
          "possible": 32
        }
      ]
    },
    "proposal_exact": {
      "common": 64,
      "left_col": "exact_mean",
      "left_mean": 0.052978515625,
      "max_abs_delta": 0.0625,
      "mean_abs_delta": 0.0269775390625,
      "pearson": -0.08941694937580798,
      "right_col": "exact_mean",
      "right_mean": 0.0704345703125,
      "spearman": -0.05153851518450639
    },
    "reordered_exact": {
      "common": 64,
      "left_col": "exact_mean",
      "left_mean": 0.052978515625,
      "max_abs_delta": 0.078125,