{
  "antithetic_aggregates": [
    {
      "algorithm": "antithetic_mean_gradient",
      "chosen_lift_mean": 0.005106957028326267,
      "chosen_lift_std": 0.0037460008694553395,
      "chosen_mean_mean": 0.051875630381358964,
      "chosen_mean_std": 0.007924951102461705,
      "oracle_gap_mean": 0.013705777943094544,
      "oracle_gap_std": 0.00397232079741096,
      "oracle_sign_mean_mean": 0.06558140832445351,
      "oracle_sign_mean_std": 0.007277298690480473,
      "pair_spearman_mean": 0.3243846379020908,
      "pair_spearman_std": 0.1862203664295361,
      "random_sign_mean_mean": 0.0467686733530327,
      "random_sign_mean_std": 0.006201522437748975,
      "sign_accuracy_mean": 0.6153186697826178,
      "sign_accuracy_std": 0.08393353910474911,
      "splits": 30
    },
    {
      "algorithm": "perm_antithetic_mean_gradient",
      "chosen_lift_mean": 0.0004419937981810907,
      "chosen_lift_std": 0.0020680943758859755,
      "chosen_mean_mean": 0.04721066715121379,
      "chosen_mean_std": 0.006803085131696264,
      "oracle_gap_mean": 0.01837074117323972,
      "oracle_gap_std": 0.0022766471482986894,
      "oracle_sign_mean_mean": 0.06558140832445351,
      "oracle_sign_mean_std": 0.007277298690480473,
      "pair_spearman_mean": 0.010231956367934272,
      "pair_spearman_std": 0.08335489026055956,
      "random_sign_mean_mean": 0.0467686733530327,
      "random_sign_mean_std": 0.006201522437748975,
      "sign_accuracy_mean": 0.5097273403022101,
      "sign_accuracy_std": 0.04440736160835316,
      "splits": 30
    }
  ],
  "antithetic_pairs": 425,
  "candidate_aggregates": [
    {
      "actual_best_mean": 0.18333333333333332,
      "actual_best_std": 0.010622957319984968,
      "algorithm": "mean_direction",
      "mean_lift_mean": 0.04708448693382945,
      "mean_lift_std": 0.017757921010805176,
      "regret_mean": 0.014583333333333334,
      "regret_std": 0.020544878045120854,
      "selected_best_mean": 0.16875,
      "selected_best_std": 0.021875,
      "selected_mean_mean": 0.09720052083333333,
      "selected_mean_std": 0.0183959308418636,
      "spearman_mean": 0.2712958700076453,
      "spearman_std": 0.12719339548362396,
      "splits": 30,
      "top_k": 16,
      "topk_overlap_mean": 3.433333333333333,
      "topk_overlap_std": 1.9439364415764444
    },
    {
      "actual_best_mean": 0.18333333333333332,
      "actual_best_std": 0.010622957319984968,
      "algorithm": "perm_mean_direction",
      "mean_lift_mean": 0.004896986933829449,
      "mean_lift_std": 0.011222574271547216,
      "regret_mean": 0.0640625,
      "regret_std": 0.03185610142369381,
      "selected_best_mean": 0.11927083333333334,
      "selected_best_std": 0.03085250670754143,
      "selected_mean_mean": 0.055013020833333336,
      "selected_mean_std": 0.01144241614613298,
      "spearman_mean": -0.01359105773633465,
      "spearman_std": 0.042250987559208676,
      "splits": 30,
      "top_k": 16,
      "topk_overlap_mean": 0.3,
      "topk_overlap_std": 0.458257569495584
    },
    {
      "actual_best_mean": 0.18333333333333332,
      "actual_best_std": 0.010622957319984968,
      "algorithm": "perm_power_energy_k16",
      "mean_lift_mean": 0.0052550598504961165,
      "mean_lift_std": 0.015176912466189674,
      "regret_mean": 0.0734375,
      "regret_std": 0.027108361832652302,
      "selected_best_mean": 0.10989583333333333,
      "selected_best_std": 0.025027112034862423,
      "selected_mean_mean": 0.05537109375,
      "selected_mean_std": 0.014666113467331883,
      "spearman_mean": 0.09532511849059275,
      "spearman_std": 0.09997014969038981,
      "splits": 30,
      "top_k": 16,
      "topk_overlap_mean": 0.13333333333333333,
      "topk_overlap_std": 0.339934634239519
    },
    {
      "actual_best_mean": 0.18333333333333332,
      "actual_best_std": 0.010622957319984968,
      "algorithm": "perm_ridge",
      "mean_lift_mean": -0.009100408899503884,
      "mean_lift_std": 0.009957977614519272,
      "regret_mean": 0.07604166666666666,
      "regret_std": 0.02667968432263687,
      "selected_best_mean": 0.10729166666666666,
      "selected_best_std": 0.03118047822311618,
      "selected_mean_mean": 0.041015625,
      "selected_mean_std": 0.015327158029939522,
      "spearman_mean": -0.014311861586187765,
      "spearman_std": 0.039184002815468306,
      "splits": 30,
      "top_k": 16,
      "topk_overlap_mean": 0.13333333333333333,
      "topk_overlap_std": 0.339934634239519
    },
    {
      "actual_best_mean": 0.18333333333333332,
      "actual_best_std": 0.010622957319984968,
      "algorithm": "power_energy_k16",
      "mean_lift_mean": 0.044708184850496116,
      "mean_lift_std": 0.01826786297624799,
      "regret_mean": 0.0078125,
      "regret_std": 0.0234375,
      "selected_best_mean": 0.17552083333333332,
      "selected_best_std": 0.02814910232681596,
      "selected_mean_mean": 0.09482421875,
      "selected_mean_std": 0.020203832800302798,
      "spearman_mean": 0.3373437721104176,
      "spearman_std": 0.12267594094100266,
      "splits": 30,
      "top_k": 16,
      "topk_overlap_mean": 4.733333333333333,
      "topk_overlap_std": 2.2201101073795617
    },
    {
      "actual_best_mean": 0.18333333333333332,
      "actual_best_std": 0.010622957319984968,
      "algorithm": "ridge",
      "mean_lift_mean": 0.00655714318382945,
      "mean_lift_std": 0.026390319650507154,
      "regret_mean": 0.033854166666666664,
      "regret_std": 0.0419424467193505,
      "selected_best_mean": 0.14947916666666666,
      "selected_best_std": 0.04376549824697024,
      "selected_mean_mean": 0.05667317708333333,
      "selected_mean_std": 0.031554186977862,
      "spearman_mean": 0.33910763313815095,
      "spearman_std": 0.16639094679084573,
      "splits": 30,
      "top_k": 16,
      "topk_overlap_mean": 1.2,
      "topk_overlap_std": 1.2220201853215573
    }
  ],
  "components": 16,
  "families": [
    "isotropic"
  ],
  "feature_scale": "unit",
  "kind": "subspace_audit",
  "max_cap_hit": 0.05,
  "max_malformed": 0.05,
  "power_iter": 2,
  "rows_loaded": 1862,
  "runs": [
    "results/phase8_extra_pod1/search_chunk8_p1024",
    "results/phase8_sustain_pod1/search_chunk4_p1024",
    "results/phase8_systems_pod1/search_chunk16_p512",
    "results/search_iso_s0p01_p512_seed5678",
    "results/search_iso_s0p0075_p512_seed2468",
    "results/search_iso_s0p0125_p512_seed2468"
  ],
  "sketch_dim": 512,
  "split_mode": "source",
  "splits": 30,
  "top_k": 16,
  "train_frac": 0.5
}
