{
  "confirmed_vs_proposal": {
    "default_exact": {
      "common": 8,
      "left_col": "exact_mean",
      "left_mean": 0.052734375,
      "max_abs_delta": 0.0625,
      "mean_abs_delta": 0.03125,
      "pearson": 0.1111111111111111,
      "right_col": "exact_mean",
      "right_mean": 0.083984375,
      "spearman": 0.08974358974358974
    },
    "proposal_exact": {
      "common": 8,
      "left_col": "exact_mean",
      "left_mean": 0.052734375,
      "max_abs_delta": 0.046875,
      "mean_abs_delta": 0.0283203125,
      "pearson": 0.2277100170213244,
      "right_col": "exact_mean",
      "right_mean": 0.0810546875,
      "spearman": 0.23388213848187445
    },
    "reordered_exact": {
      "common": 8,
      "left_col": "exact_mean",
      "left_mean": 0.052734375,
      "max_abs_delta": 0.0625,
      "mean_abs_delta": 0.029296875,
      "pearson": 0.0,
      "right_col": "exact_mean",
      "right_mean": 0.078125,
      "spearman": 0.0
    },
    "selection_score": {
      "common": 8,
      "left_col": "exact_mean",
      "left_mean": 0.052734375,
      "max_abs_delta": 0.0546875,
      "mean_abs_delta": 0.0263671875,
      "pearson": 0.2277100170213244,
      "right_col": "selection_score",
      "right_mean": 0.0263671875,
      "spearman": 0.23388213848187445
    },
    "top_overlap_default": [
      {
        "k": 1,
        "left_top": [
          "seed1019436086:s0.0005:sign1"
        ],
        "overlap": 0,
        "possible": 1,
        "right_top": [
          "seed1278353962:s0.001:sign1"
        ]
      },
      {
        "k": 2,
        "left_top": [
          "seed1019436086:s0.0005:sign1",
          "seed320056936:s0.0005:sign1"
        ],
        "overlap": 0,
        "possible": 2,
        "right_top": [
          "seed1278353962:s0.001:sign1",
          "seed1306350613:s0.0005:sign1"
        ]
      },
      {
        "k": 4,
        "left_top": [
          "seed1019436086:s0.0005:sign1",
          "seed320056936:s0.0005:sign1",
          "seed1920188830:s0.002:sign1",
          "seed1306350613:s0.0005:sign1"
        ],
        "overlap": 2,
        "possible": 4,
        "right_top": [
          "seed1278353962:s0.001:sign1",
          "seed1306350613:s0.0005:sign1",
          "seed1091126466:s0.001:sign1",
          "seed1019436086:s0.0005:sign1"
        ]
      },
      {
        "k": 8,
        "left_top": [
          "seed1019436086:s0.0005:sign1",
          "seed320056936:s0.0005:sign1",
          "seed1920188830:s0.002:sign1",
          "seed1306350613:s0.0005:sign1",
          "seed1278353962:s0.001:sign1",
          "seed1018167784:s0.001:sign1",
          "seed1548206410:s0.002:sign1",
          "seed1091126466:s0.001:sign1"
        ],
        "overlap": 8,
        "possible": 8,
        "right_top": [
          "seed1278353962:s0.001:sign1",
          "seed1306350613:s0.0005:sign1",
          "seed1091126466:s0.001:sign1",
          "seed1019436086:s0.0005:sign1",
          "seed320056936:s0.0005:sign1",
          "seed1018167784:s0.001:sign1",
          "seed1920188830:s0.002:sign1",
          "seed1548206410:s0.002:sign1"
        ]
      },
      {
        "k": 16,
        "left_top": [
          "seed1019436086:s0.0005:sign1",
          "seed320056936:s0.0005:sign1",
          "seed1920188830:s0.002:sign1",
          "seed1306350613:s0.0005:sign1",
          "seed1278353962:s0.001:sign1",
          "seed1018167784:s0.001:sign1",
          "seed1548206410:s0.002:sign1",
          "seed1091126466:s0.001:sign1"
        ],
        "overlap": 8,
        "possible": 8,
        "right_top": [
          "seed1278353962:s0.001:sign1",
          "seed1306350613:s0.0005:sign1",
          "seed1091126466:s0.001:sign1",
          "seed1019436086:s0.0005:sign1",
          "seed320056936:s0.0005:sign1",
          "seed1018167784:s0.001:sign1",
          "seed1920188830:s0.002:sign1",
          "seed1548206410:s0.002:sign1"
        ]
      },
      {
        "k": 32,
        "left_top": [
          "seed1019436086:s0.0005:sign1",
          "seed320056936:s0.0005:sign1",
          "seed1920188830:s0.002:sign1",
          "seed1306350613:s0.0005:sign1",
          "seed1278353962:s0.001:sign1",
          "seed1018167784:s0.001:sign1",
          "seed1548206410:s0.002:sign1",
          "seed1091126466:s0.001:sign1"
        ],
        "overlap": 8,
        "possible": 8,
        "right_top": [
          "seed1278353962:s0.001:sign1",
          "seed1306350613:s0.0005:sign1",
          "seed1091126466:s0.001:sign1",
          "seed1019436086:s0.0005:sign1",
          "seed320056936:s0.0005:sign1",
          "seed1018167784:s0.001:sign1",
          "seed1920188830:s0.002:sign1",
          "seed1548206410:s0.002:sign1"
        ]
      }
    ]
  },
  "counts": {
    "confirmed": 8,
    "dense": 64,
    "proposal": 64,
    "proposal_conditions": 192
  },
  "dense_vs_proposal": {
    "default_exact": {
      "common": 64,
      "left_col": "exact_mean",
      "left_mean": 0.069580078125,
      "max_abs_delta": 0.046875,
      "mean_abs_delta": 0.016845703125,
      "pearson": 0.15329126520124686,
      "right_col": "exact_mean",
      "right_mean": 0.06298828125,
      "spearman": 0.17131135183388455
    },
    "dense_recall_by_default_exact": {
      "common": 64,
      "dense_best_proposal_rank": 26,
      "dense_best_proposal_score": 0.0625,
      "dense_best_score": 0.09375,
      "dense_best_spec": "seed931683830:s0.001:sign1",
      "dense_col": "exact_mean",
      "proposal_col": "exact_mean",
      "rows": [
        {
          "contains_dense_best": false,
          "dense_topk_overlap": 0,
          "k": 1,
          "possible": 1
        },
        {
          "contains_dense_best": false,
          "dense_topk_overlap": 0,
          "k": 2,
          "possible": 2
        },
        {
          "contains_dense_best": false,
          "dense_topk_overlap": 1,
          "k": 4,
          "possible": 4
        },
        {
          "contains_dense_best": false,
          "dense_topk_overlap": 2,
          "k": 8,
          "possible": 8
        },
        {
          "contains_dense_best": false,
          "dense_topk_overlap": 6,
          "k": 16,
          "possible": 16
        },
        {
          "contains_dense_best": true,
          "dense_topk_overlap": 19,
          "k": 32,
          "possible": 32
        }
      ]
    },
    "dense_recall_by_selection": {
      "common": 64,
      "dense_best_proposal_rank": 31,
      "dense_best_proposal_score": 0.0,
      "dense_best_score": 0.09375,
      "dense_best_spec": "seed931683830:s0.001:sign1",
      "dense_col": "exact_mean",
      "proposal_col": "selection_score",
      "rows": [
        {
          "contains_dense_best": false,
          "dense_topk_overlap": 0,
          "k": 1,
          "possible": 1
        },
        {
          "contains_dense_best": false,
          "dense_topk_overlap": 0,
          "k": 2,
          "possible": 2
        },
        {
          "contains_dense_best": false,
          "dense_topk_overlap": 0,
          "k": 4,
          "possible": 4
        },
        {
          "contains_dense_best": false,
          "dense_topk_overlap": 1,
          "k": 8,
          "possible": 8
        },
        {
          "contains_dense_best": false,
          "dense_topk_overlap": 5,
          "k": 16,
          "possible": 16
        },
        {
          "contains_dense_best": true,
          "dense_topk_overlap": 17,
          "k": 32,
          "possible": 32
        }
      ]
    },
    "proposal_exact": {
      "common": 64,
      "left_col": "exact_mean",
      "left_mean": 0.069580078125,
      "max_abs_delta": 0.0625,
      "mean_abs_delta": 0.0167236328125,
      "pearson": 0.03172877450710859,
      "right_col": "exact_mean",
      "right_mean": 0.0582275390625,
      "spearman": 0.07151685611169337
    },
    "reordered_exact": {
      "common": 64,
      "left_col": "exact_mean",
      "left_mean": 0.069580078125,