{
  "candidate": {
    "seed": 20260507,
    "sigma": 0.01,
    "sign": 1
  },
  "energy_threshold": 0.99,
  "families": {
    "dense_gaussian": {
      "matrices": [
        {
          "dense_rank": 128,
          "effective_rank": 99,
          "effective_rank_fraction": 0.7734375,
          "effective_rank_threshold": 0.99,
          "frob_norm": 1.27856949953034,
          "frob_sq": 1.6347399651292644,
          "l0_sparsity": 0.00091552734375,
          "max_abs": 0.04019387066364288,
          "mean_abs": 0.00796772065824716,
          "name": "shape_0_128x128",
          "nonzero_fraction": 0.99908447265625,
          "numerical_rank": 128,
          "params": 16384,
          "rank_cap": 8,
          "shape": [
            128,
            128
          ],
          "sparsity_threshold": 1e-05
        },
        {
          "dense_rank": 128,
          "effective_rank": 119,
          "effective_rank_fraction": 0.9296875,
          "effective_rank_threshold": 0.99,
          "frob_norm": 1.8067414243782607,
          "frob_sq": 3.264314574564386,
          "l0_sparsity": 0.0009765625,
          "max_abs": 0.04169117286801338,
          "mean_abs": 0.007965904118980896,
          "name": "shape_1_256x128",
          "nonzero_fraction": 0.9990234375,
          "numerical_rank": 128,
          "params": 32768,
          "rank_cap": 8,
          "shape": [
            256,
            128
          ],
          "sparsity_threshold": 1e-05
        }
      ],
      "summary": {
        "matrix_count": 2,
        "mean_effective_rank": 109.0,
        "mean_effective_rank_fraction": 0.8515625,
        "total_frob_norm": 2.213380794100656,
        "total_l0_sparsity": 0.0009562174479166666,
        "total_nonzero_fraction": 0.9990437825520834,
        "total_params": 49152,
        "weighted_effective_rank_fraction": 0.8776041666666666
      }
    },
    "factor_gaussian_lora": {
      "matrices": [
        {
          "dense_rank": 128,
          "effective_rank": 8,
          "effective_rank_fraction": 0.0625,
          "effective_rank_threshold": 0.99,
          "frob_norm": 1.2624293710948329,
          "frob_sq": 1.5937279170028953,
          "l0_sparsity": 0.00079345703125,
          "max_abs": 0.05551136709204036,
          "mean_abs": 0.007544742200499355,
          "name": "shape_0_128x128",
          "nonzero_fraction": 0.99920654296875,
          "numerical_rank": 8,
          "params": 16384,
          "rank_cap": 8,
          "shape": [
            128,
            128
          ],
          "sparsity_threshold": 1e-05
        },
        {
          "dense_rank": 128,
          "effective_rank": 8,
          "effective_rank_fraction": 0.0625,
          "effective_rank_threshold": 0.99,
          "frob_norm": 1.7284803814566494,
          "frob_sq": 2.9876444290805244,
          "l0_sparsity": 0.0010986328125,
          "max_abs": 0.05456735498413916,
          "mean_abs": 0.007389065593874663,
          "name": "shape_1_256x128",
          "nonzero_fraction": 0.9989013671875,
          "numerical_rank": 8,
          "params": 32768,
          "rank_cap": 8,
          "shape": [
            256,
            128
          ],
          "sparsity_threshold": 1e-05
        }
      ],
      "summary": {
        "matrix_count": 2,
        "mean_effective_rank": 8.0,
        "mean_effective_rank_fraction": 0.0625,
        "total_frob_norm": 2.140414059494896,
        "total_l0_sparsity": 0.0009969075520833333,
        "total_nonzero_fraction": 0.9990030924479166,
        "total_params": 49152,
        "weighted_effective_rank_fraction": 0.0625
      }
    },
    "projected_gaussian_rank_r": {
      "matrices": [
        {
          "dense_rank": 128,
          "effective_rank": 8,
          "effective_rank_fraction": 0.0625,
          "effective_rank_threshold": 0.99,
          "frob_norm": 0.5808724509211223,
          "frob_sq": 0.3374128042391116,
          "l0_sparsity": 0.00201416015625,
          "max_abs": 0.022318376675240583,
          "mean_abs": 0.0035187533382344278,
          "name": "shape_0_128x128",
          "nonzero_fraction": 0.99798583984375,
          "numerical_rank": 8,
          "params": 16384,
          "rank_cap": 8,
          "shape": [
            128,
            128
          ],
          "sparsity_threshold": 1e-05
        },
        {
          "dense_rank": 128,
          "effective_rank": 8,
          "effective_rank_fraction": 0.0625,
          "effective_rank_threshold": 0.99,
          "frob_norm": 0.7223056370424642,
          "frob_sq": 0.5217254333033201,
          "l0_sparsity": 0.00262451171875,
          "max_abs": 0.020171881907632108,
          "mean_abs": 0.003095396311094167,
          "name": "shape_1_256x128",
          "nonzero_fraction": 0.99737548828125,
          "numerical_rank": 8,
          "params": 32768,
          "rank_cap": 8,
          "shape": [
            256,
            128
          ],
          "sparsity_threshold": 1e-05
        }
      ],
      "summary": {
        "matrix_count": 2,
        "mean_effective_rank": 8.0,
        "mean_effective_rank_fraction": 0.0625,
        "total_frob_norm": 0.9268971019171609,
        "total_l0_sparsity": 0.0024210611979166665,
        "total_nonzero_fraction": 0.9975789388020834,
        "total_params": 49152,
        "weighted_effective_rank_fraction": 0.0625
      }
    }
  },
  "rank": 8,
  "shapes": [
    [
      128,
      128
    ],
    [
      256,
      128
    ]
  ],
  "sparsity_threshold": 1e-05
}
