{
  "adapter_build_s": 2.6814897060394287,
  "adapter_rows": 32,
  "adapters": 32,
  "base_tokens_per_sec": 1757.7218618813235,
  "best_adapter_prompts_per_sec": 101.45604819659616,
  "best_adapter_tokens_per_sec": 3246.593542291077,
  "family": "isotropic",
  "kind": "vllm_lora_bench",
  "load_s": 74.75888299942017,
  "lora_elapsed_s": 12.282502889633179,
  "lora_output_tokens": 32717.0,
  "lora_prompts_per_sec": 83.37062968365254,
  "lora_tokens_per_sec": 2663.707901718809,
  "max_new_tokens": 32,
  "mixed_batch": true,
  "mixed_exact_mean": 0.0,
  "mixed_prompts_per_sec": 363.0343287706178,
  "mixed_tokens_per_sec": 11596.181503670055,
  "model": "Qwen/Qwen2.5-3B-Instruct",
  "preload": true,
  "preload_s": 1.2044880390167236,
  "prompts": 32,
  "rank": 8,
  "repeats": 1,
  "sigma": 0.02,
  "stop_at_answer": true,
  "targets": [
    "q_proj",
    "v_proj"
  ],
  "torch_version": "2.11.0",
  "transformers_version": "4.57.6",
  "vllm_version": "0.20.0"
}
