{
  "confirmed_vs_proposal": {
    "default_exact": {
      "common": 8,
      "left_col": "exact_mean",
      "left_mean": 0.0703125,
      "max_abs_delta": 0.0625,
      "mean_abs_delta": 0.033203125,
      "pearson": -0.19910804339600102,
      "right_col": "exact_mean",
      "right_mean": 0.080078125,
      "spearman": -0.3334429644276751
    },
    "proposal_exact": {
      "common": 8,
      "left_col": "exact_mean",
      "left_mean": 0.0703125,
      "max_abs_delta": 0.0625,
      "mean_abs_delta": 0.0322265625,
      "pearson": 0.3621034121889507,
      "right_col": "exact_mean",
      "right_mean": 0.0966796875,
      "spearman": 0.6019375109787457
    },
    "reordered_exact": {
      "common": 8,
      "left_col": "exact_mean",
      "left_mean": 0.0703125,
      "max_abs_delta": 0.078125,
      "mean_abs_delta": 0.04296875,
      "pearson": 0.819891591749923,
      "right_col": "exact_mean",
      "right_mean": 0.11328125,
      "spearman": 0.7975322515783874
    },
    "selection_score": {
      "common": 8,
      "left_col": "exact_mean",
      "left_mean": 0.0703125,
      "max_abs_delta": 0.09375,
      "mean_abs_delta": 0.0458984375,
      "pearson": 0.50602431370499,
      "right_col": "selection_score",
      "right_mean": 0.0244140625,
      "spearman": 0.6019375109787457
    },
    "top_overlap_default": [
      {
        "k": 1,
        "left_top": [
          "seed858586901:s0.002:sign1"
        ],
        "overlap": 0,
        "possible": 1,
        "right_top": [
          "seed73027057:s0.002:sign1"
        ]
      },
      {
        "k": 2,
        "left_top": [
          "seed858586901:s0.002:sign1",
          "seed214050811:s0.001:sign1"
        ],
        "overlap": 0,
        "possible": 2,
        "right_top": [
          "seed73027057:s0.002:sign1",
          "seed780802177:s0.0005:sign1"
        ]
      },
      {
        "k": 4,
        "left_top": [
          "seed858586901:s0.002:sign1",
          "seed214050811:s0.001:sign1",
          "seed73027057:s0.002:sign1",
          "seed780802177:s0.0005:sign1"
        ],
        "overlap": 2,
        "possible": 4,
        "right_top": [
          "seed73027057:s0.002:sign1",
          "seed780802177:s0.0005:sign1",
          "seed331873293:s0.0005:sign1",
          "seed1898600253:s0.0005:sign1"
        ]
      },
      {
        "k": 8,
        "left_top": [
          "seed858586901:s0.002:sign1",
          "seed214050811:s0.001:sign1",
          "seed73027057:s0.002:sign1",
          "seed780802177:s0.0005:sign1",
          "seed2103302888:s0.0005:sign1",
          "seed1898600253:s0.0005:sign1",
          "seed10101934:s0.0005:sign1",
          "seed331873293:s0.0005:sign1"
        ],
        "overlap": 8,
        "possible": 8,
        "right_top": [
          "seed73027057:s0.002:sign1",
          "seed780802177:s0.0005:sign1",
          "seed331873293:s0.0005:sign1",
          "seed1898600253:s0.0005:sign1",
          "seed10101934:s0.0005:sign1",
          "seed858586901:s0.002:sign1",
          "seed214050811:s0.001:sign1",
          "seed2103302888:s0.0005:sign1"
        ]
      },
      {
        "k": 16,
        "left_top": [
          "seed858586901:s0.002:sign1",
          "seed214050811:s0.001:sign1",
          "seed73027057:s0.002:sign1",
          "seed780802177:s0.0005:sign1",
          "seed2103302888:s0.0005:sign1",
          "seed1898600253:s0.0005:sign1",
          "seed10101934:s0.0005:sign1",
          "seed331873293:s0.0005:sign1"
        ],
        "overlap": 8,
        "possible": 8,
        "right_top": [
          "seed73027057:s0.002:sign1",
          "seed780802177:s0.0005:sign1",
          "seed331873293:s0.0005:sign1",
          "seed1898600253:s0.0005:sign1",
          "seed10101934:s0.0005:sign1",
          "seed858586901:s0.002:sign1",
          "seed214050811:s0.001:sign1",
          "seed2103302888:s0.0005:sign1"
        ]
      },
      {
        "k": 32,
        "left_top": [
          "seed858586901:s0.002:sign1",
          "seed214050811:s0.001:sign1",
          "seed73027057:s0.002:sign1",
          "seed780802177:s0.0005:sign1",
          "seed2103302888:s0.0005:sign1",
          "seed1898600253:s0.0005:sign1",
          "seed10101934:s0.0005:sign1",
          "seed331873293:s0.0005:sign1"
        ],
        "overlap": 8,
        "possible": 8,
        "right_top": [
          "seed73027057:s0.002:sign1",
          "seed780802177:s0.0005:sign1",
          "seed331873293:s0.0005:sign1",
          "seed1898600253:s0.0005:sign1",
          "seed10101934:s0.0005:sign1",
          "seed858586901:s0.002:sign1",
          "seed214050811:s0.001:sign1",
          "seed2103302888:s0.0005:sign1"
        ]
      }
    ]
  },
  "counts": {
    "confirmed": 8,
    "dense": 64,
    "proposal": 64,
    "proposal_conditions": 192
  },
  "dense_vs_proposal": {
    "default_exact": {
      "common": 64,
      "left_col": "exact_mean",
      "left_mean": 0.052978515625,
      "max_abs_delta": 0.078125,
      "mean_abs_delta": 0.020751953125,
      "pearson": 0.012962904513784386,
      "right_col": "exact_mean",
      "right_mean": 0.060546875,
      "spearman": 0.0032763913067529325
    },
    "dense_recall_by_default_exact": {
      "common": 64,
      "dense_best_proposal_rank": 3,
      "dense_best_proposal_score": 0.09375,
      "dense_best_score": 0.09375,
      "dense_best_spec": "seed239990546:s0.002:sign1",
      "dense_col": "exact_mean",
      "proposal_col": "exact_mean",
      "rows": [
        {
          "contains_dense_best": false,
          "dense_topk_overlap": 0,
          "k": 1,
          "possible": 1
        },
        {
          "contains_dense_best": false,
          "dense_topk_overlap": 0,
          "k": 2,
          "possible": 2
        },
        {
          "contains_dense_best": true,
          "dense_topk_overlap": 1,
          "k": 4,
          "possible": 4
        },
        {
          "contains_dense_best": true,
          "dense_topk_overlap": 1,
          "k": 8,
          "possible": 8
        },
        {
          "contains_dense_best": true,
          "dense_topk_overlap": 5,
          "k": 16,
          "possible": 16
        },
        {
          "contains_dense_best": true,
          "dense_topk_overlap": 15,
          "k": 32,
          "possible": 32
        }
      ]
    },
    "dense_recall_by_selection": {
      "common": 64,
      "dense_best_proposal_rank": 49,
      "dense_best_proposal_score": -0.0390625,
      "dense_best_score": 0.09375,
      "dense_best_spec": "seed239990546:s0.002:sign1",
      "dense_col": "exact_mean",
      "proposal_col": "selection_score",
      "rows": [
        {
          "contains_dense_best": false,
          "dense_topk_overlap": 0,
          "k": 1,
          "possible": 1
        },
        {
          "contains_dense_best": false,
          "dense_topk_overlap": 0,
          "k": 2,
          "possible": 2
        },
        {
          "contains_dense_best": false,
          "dense_topk_overlap": 0,
          "k": 4,
          "possible": 4
        },
        {
          "contains_dense_best": false,
          "dense_topk_overlap": 0,
          "k": 8,
          "possible": 8
        },
        {
          "contains_dense_best": false,
          "dense_topk_overlap": 2,
          "k": 16,
          "possible": 16
        },
        {
          "contains_dense_best": false,
          "dense_topk_overlap": 13,
          "k": 32,
          "possible": 32
        }
      ]
    },
    "proposal_exact": {
      "common": 64,
      "left_col": "exact_mean",
      "left_mean": 0.052978515625,
      "max_abs_delta": 0.078125,
      "mean_abs_delta": 0.02685546875,
      "pearson": -0.10304581883388864,
      "right_col": "exact_mean",
      "right_mean": 0.06884765625,
      "spearman": -0.10791688891603035
    },
    "reordered_exact": {
      "common": 64,
      "left_col": "exact_mean",
      "left_mean": 0.052978515625,
      "max_abs_delta": 0.09375,